{
    "permeability_O2": {
        "metrics": [
            [
                366.1799011230469,
                -0.050248961935807746,
                692.3494873046875
            ],
            [
                364.7629089355469,
                -0.07367072086761439,
                700.0269775390625
            ],
            [
                362.0903625488281,
                -0.060131478029993524,
                695.5991821289062
            ],
            [
                360.30963134765625,
                -0.05590298990766707,
                694.2106323242188
            ],
            [
                371.56829833984375,
                -0.10126379021474308,
                708.9651489257812
            ]
        ],
        "mae_mean": 364.9822204589844,
        "mae_std": 3.874400328978982,
        "r2_mean": -0.06824358819116516,
        "r2_std": 0.018230144168916166,
        "rmse_mean": 698.2302856445312,
        "rmse_std": 5.935141094706113
    },
    "selectivity_O2_N2": {
        "metrics": [
            [
                0.7233820557594299,
                -0.014792684248095433,
                0.9575551152229309
            ],
            [
                0.7021686434745789,
                0.020050559801133017,
                0.9409725666046143
            ],
            [
                0.715454638004303,
                -0.01490609045928415,
                0.9576086401939392
            ],
            [
                0.7266339659690857,
                -0.0014024503134577593,
                0.9512166380882263
            ],
            [
                0.7301363945007324,
                -0.09897311792556618,
                0.9964801669120789
            ]
        ],
        "mae_mean": 0.719555139541626,
        "mae_std": 0.009958136233099454,
        "r2_mean": -0.0220047566290541,
        "r2_std": 0.04054537792561137,
        "rmse_mean": 0.9607666254043579,
        "rmse_std": 0.01886134002007452
    }
}