{
    "permeability_H2": {
        "metrics": [
            [
                1082.7589111328125,
                -0.02985424375153123,
                2025.5164794921875
            ],
            [
                1080.22802734375,
                0.00488025838572359,
                1991.0655517578125
            ],
            [
                1076.5201416015625,
                -0.03855055309144628,
                2034.05029296875
            ],
            [
                1086.3631591796875,
                -0.016054344592008718,
                2011.9000244140625
            ],
            [
                1081.9840087890625,
                -0.004027489538318552,
                1999.9571533203125
            ]
        ],
        "mae_mean": 1081.570849609375,
        "mae_std": 3.220597606848177,
        "r2_mean": -0.01672127451751624,
        "r2_std": 0.015982462140441446,
        "rmse_mean": 2012.497900390625,
        "rmse_std": 15.817473808093247
    },
    "selectivity_H2_N2": {
        "metrics": [
            [
                11.051192283630371,
                0.1893116370349327,
                22.926406860351562
            ],
            [
                11.610197067260742,
                0.32685287308779254,
                20.8912296295166
            ],
            [
                11.739676475524902,
                0.2736016806904199,
                21.701833724975586
            ],
            [
                11.697534561157227,
                0.27962133727363314,
                21.611722946166992
            ],
            [
                11.734710693359375,
                0.23974311791950476,
                22.201852798461914
            ]
        ],
        "mae_mean": 11.566662216186524,
        "mae_std": 0.2618802512295082,
        "r2_mean": 0.2618261292012566,
        "r2_std": 0.04567235799716953,
        "rmse_mean": 21.866609191894533,
        "rmse_std": 0.6751359296134762
    }
}