{"log10_He_Bayesian": {"metrics": [[0.5542269945144653, 0.6632543935672536], [0.599986732006073, 0.6353897339928615], [0.6087416410446167, 0.6319710360751353], [0.5835696458816528, 0.6430570846546015], [0.5547479391098022, 0.6723159204668334]], "mae_mean": 0.580254590511322, "mae_std": 0.022538340964933325, "r2_mean": 0.6491976337513371, "r2_std": 0.015856656543102088}, "log10_H2_Bayesian": {"metrics": [[0.6541493535041809, 0.6385789668876428], [0.6341270208358765, 0.6524536931692066], [0.6296271085739136, 0.6448715428998663], [0.6257573962211609, 0.6605201931020404], [0.5815932750701904, 0.6861637627738963]], "mae_mean": 0.6250508308410645, "mae_std": 0.02382898215241673, "r2_mean": 0.6565176317665304, "r2_std": 0.01654603433696736}, "log10_O2_Bayesian": {"metrics": [[0.7517908811569214, 0.6611499193304691], [0.7579604387283325, 0.6457194569247722], [0.6828259229660034, 0.6854526366891716], [0.7053816914558411, 0.6977524754515549], [0.7255167961120605, 0.6815613186299556]], "mae_mean": 0.7246951460838318, "mae_std": 0.028169043422885946, "r2_mean": 0.6743271614051847, "r2_std": 0.01853048857182481}, "log10_N2_Bayesian": {"metrics": [[0.816111147403717, 0.6851193024185811], [0.8259617686271667, 0.6446489628902847], [0.8103460669517517, 0.6674645134931148], [0.8826029896736145, 0.6525474306836785], [0.8214385509490967, 0.673642575524814]], "mae_mean": 0.8312921047210693, "mae_std": 0.026182092669339463, "r2_mean": 0.6646845570020946, "r2_std": 0.014520936201666506}, "log10_CO2_Bayesian": {"metrics": [[0.8032320141792297, 0.6366863228044723], [0.7601918578147888, 0.6329204766147303], [0.7665431499481201, 0.6245167468414177], [0.7606391906738281, 0.6353362825752787], [0.7281944155693054, 0.6408081607215672]], "mae_mean": 0.7637601256370544, "mae_std": 0.023887937174738135, "r2_mean": 0.6340535979114932, "r2_std": 0.005411767387278136}, "log10_CH4_Bayesian": {"metrics": [[0.8811540007591248, 0.6546561473010376], [0.9031162261962891, 0.6445100299486333], [0.9818947911262512, 0.6249499572114006], [0.9757174849510193, 0.6140547861652847], [0.8104279637336731, 0.7085291371702596]], "mae_mean": 0.9104620933532714, "mae_std": 0.06368775327839254, "r2_mean": 0.6493400115593232, "r2_std": 0.03284772288720743}}