{"log10_He_Bayesian": {"metrics": [[0.43685513734817505, 0.7634212657784373], [0.44448691606521606, 0.7419444583005281], [0.4523176848888397, 0.723909416240641], [0.4389336407184601, 0.7619583925406479], [0.43842002749443054, 0.7527894277544004]], "mae_mean": 0.4422026813030243, "mae_std": 0.005676660083501666, "r2_mean": 0.7488045921229309, "r2_std": 0.014624498264637723}, "log10_H2_Bayesian": {"metrics": [[0.5012303590774536, 0.7249986971268081], [0.4578492045402527, 0.7475919821338639], [0.5045774579048157, 0.730800751088776], [0.5041235685348511, 0.7136635602965867], [0.49709782004356384, 0.7390571940360182]], "mae_mean": 0.4929756820201874, "mae_std": 0.01776444602442106, "r2_mean": 0.7312224369364106, "r2_std": 0.011632474661959057}, "log10_O2_Bayesian": {"metrics": [[0.6418430805206299, 0.7402859004200776], [0.6187300682067871, 0.7440128854076543], [0.5926298499107361, 0.7504556951556797], [0.6150157451629639, 0.7306094322829516], [0.6095681190490723, 0.7570586796361571]], "mae_mean": 0.6155573725700378, "mae_std": 0.015892389709207064, "r2_mean": 0.744484518580504, "r2_std": 0.00899036515406078}, "log10_N2_Bayesian": {"metrics": [[0.6431419253349304, 0.7677282443272068], [0.661395251750946, 0.7492068580918498], [0.6985226273536682, 0.7536220768513001], [0.718899130821228, 0.7439254471616193], [0.6721068620681763, 0.7484119301414967]], "mae_mean": 0.6788131594657898, "mae_std": 0.02689291022667113, "r2_mean": 0.7525789113146945, "r2_std": 0.008175663911203723}, "log10_CO2_Bayesian": {"metrics": [[0.6175105571746826, 0.7361707370318917], [0.6504079699516296, 0.732638026715966], [0.660370945930481, 0.7242248863462758], [0.6303179860115051, 0.7386166313352562], [0.6229288578033447, 0.7447421567865735]], "mae_mean": 0.6363072633743286, "mae_std": 0.016407681658593843, "r2_mean": 0.7352784876431926, "r2_std": 0.006791972930972111}, "log10_CH4_Bayesian": {"metrics": [[0.7569363713264465, 0.7430804577162033], [0.7238536477088928, 0.7611106160927251], [0.7437828779220581, 0.7444492646905472], [0.7499212622642517, 0.7633735144404474], [0.7433300018310547, 0.7385456842215307]], "mae_mean": 0.7435648322105408, "mae_std": 0.01102574936277226, "r2_mean": 0.7501119074322907, "r2_std": 0.010120534965381196}}