{"log10_CO2_Bayesian": {"metrics": [[0.6141732335090637, 0.7707116760270585, 0.7239887118339539], [0.6141732335090637, 0.7707116760270585, 0.7239887118339539], [0.6141732335090637, 0.7707116760270585, 0.7239887118339539], [0.6141732335090637, 0.7707116760270585, 0.7239887118339539], [0.6141732335090637, 0.7707116760270585, 0.7239887118339539]], "mae_mean": 0.6141732335090637, "mae_std": 0.0, "r2_mean": 0.7707116760270585, "r2_std": 0.0, "rmse_mean": 0.7239887118339539, "rmse_std": 0.0}, "log10_H2_Bayesian": {"metrics": [[0.5099595189094543, 0.7804471099759811, 0.44683563709259033], [0.5099595189094543, 0.7804471099759811, 0.44683563709259033], [0.5099595189094543, 0.7804471099759811, 0.44683563709259033], [0.5099595189094543, 0.7804471099759811, 0.44683563709259033], [0.5099595189094543, 0.7804471099759811, 0.44683563709259033]], "mae_mean": 0.5099595189094543, "mae_std": 0.0, "r2_mean": 0.7804471099759811, "r2_std": 0.0, "rmse_mean": 0.44683563709259033, "rmse_std": 0.0}, "log10_He_Bayesian": {"metrics": [[0.48597609996795654, 0.7627663780883789, 0.383370041847229], [0.48597609996795654, 0.7627663780883789, 0.383370041847229], [0.48597609996795654, 0.7627663780883789, 0.383370041847229], [0.48597609996795654, 0.7627663780883789, 0.383370041847229], [0.48597609996795654, 0.7627663780883789, 0.383370041847229]], "mae_mean": 0.48597609996795654, "mae_std": 0.0, "r2_mean": 0.7627663780883789, "r2_std": 0.0, "rmse_mean": 0.383370041847229, "rmse_std": 0.0}, "log10_N2_Bayesian": {"metrics": [[0.7583969235420227, 0.7424470422808696, 0.9704791903495789], [0.7583969235420227, 0.7424470422808696, 0.9704791903495789], [0.7583969235420227, 0.7424470422808696, 0.9704791903495789], [0.7583969235420227, 0.7424470422808696, 0.9704791903495789], [0.7583969235420227, 0.7424470422808696, 0.9704791903495789]], "mae_mean": 0.7583969235420227, "mae_std": 0.0, "r2_mean": 0.7424470422808696, "r2_std": 0.0, "rmse_mean": 0.9704791903495789, "rmse_std": 0.0}, "log10_O2_Bayesian": {"metrics": [[0.6367365121841431, 0.7773362488090036, 0.679969847202301], [0.6367365121841431, 0.7773362488090036, 0.679969847202301], [0.6367365121841431, 0.7773362488090036, 0.679969847202301], [0.6367365121841431, 0.7773362488090036, 0.679969847202301], [0.6367365121841431, 0.7773362488090036, 0.679969847202301]], "mae_mean": 0.6367365121841431, "mae_std": 0.0, "r2_mean": 0.7773362488090036, "r2_std": 0.0, "rmse_mean": 0.679969847202301, "rmse_std": 0.0}, "log10_CH4_Bayesian": {"metrics": [[0.6745619177818298, 0.8117392104471781, 0.831165611743927], [0.6745619177818298, 0.8117392104471781, 0.831165611743927], [0.6745619177818298, 0.8117392104471781, 0.831165611743927], [0.6745619177818298, 0.8117392104471781, 0.831165611743927], [0.6745619177818298, 0.8117392104471781, 0.831165611743927]], "mae_mean": 0.6745619177818298, "mae_std": 0.0, "r2_mean": 0.8117392104471781, "r2_std": 0.0, "rmse_mean": 0.831165611743927, "rmse_std": 0.0}}