{"permeability_H2": {"metrics": [[1020.7471313476562, 0.5878267941457649, 1642009.0], [1020.7459106445312, 0.5878268340857369, 1642009.0], [1020.7459106445312, 0.5878268340857369, 1642009.0], [1020.7459106445312, 0.5878268340857369, 1642009.0], [1020.7459106445312, 0.5878268340857369, 1642009.0]], "mae_mean": 1020.7461547851562, "mae_std": 0.00048828125, "r2_mean": 0.5878268260977425, "r2_std": 1.597598879854445e-08, "rmse_mean": 1642009.0, "rmse_std": 0.0}, "selectivity_H2_N2": {"metrics": [[14.233203887939453, 0.34495648298229553, 424.705810546875], [14.233203887939453, 0.34495648298229553, 424.705810546875], [14.233203887939453, 0.34495648298229553, 424.705810546875], [14.233203887939453, 0.34495648298229553, 424.705810546875], [14.233203887939453, 0.34495648298229553, 424.705810546875]], "mae_mean": 14.233203887939453, "mae_std": 0.0, "r2_mean": 0.34495648298229553, "r2_std": 0.0, "rmse_mean": 424.705810546875, "rmse_std": 0.0}}