{"permeability_O2": {"metrics": [[314.1806335449219, 0.6224698671786144, 172309.84375], [314.1806335449219, 0.6224698671786144, 172309.84375], [314.1806335449219, 0.6224698671786144, 172309.84375], [314.1806335449219, 0.6224698671786144, 172309.84375], [314.1806335449219, 0.6224698671786144, 172309.84375]], "mae_mean": 314.1806335449219, "mae_std": 0.0, "r2_mean": 0.6224698671786144, "r2_std": 0.0, "rmse_mean": 172309.84375, "rmse_std": 0.0}, "selectivity_O2_N2": {"metrics": [[0.7877710461616516, -0.0029880984346910555, 0.906245768070221], [0.7877710461616516, -0.0029880984346910555, 0.906245768070221], [0.7877710461616516, -0.0029880984346910555, 0.906245768070221], [0.7877710461616516, -0.0029880984346910555, 0.906245768070221], [0.7877710461616516, -0.0029880984346910555, 0.906245768070221]], "mae_mean": 0.7877710461616516, "mae_std": 0.0, "r2_mean": -0.0029880984346910555, "r2_std": 0.0, "rmse_mean": 0.906245768070221, "rmse_std": 0.0}}