{"permeability_CO2": {"metrics": [[1500.4783935546875, 0.5018416227087104, 4572134.0], [1500.4783935546875, 0.5018416227087104, 4572134.0], [1500.4783935546875, 0.5018416227087104, 4572134.0], [1500.4783935546875, 0.5018416227087104, 4572134.0], [1500.4783935546875, 0.5018416227087104, 4572134.0]], "mae_mean": 1500.4783935546875, "mae_std": 0.0, "r2_mean": 0.5018416227087104, "r2_std": 0.0, "rmse_mean": 4572134.0, "rmse_std": 0.0}, "selectivity_CO2_CH4": {"metrics": [[5.976072788238525, 0.7944657624082305, 67.71675109863281], [5.976072788238525, 0.7944657624082305, 67.71675109863281], [5.976072788238525, 0.7944657624082305, 67.71675109863281], [5.976072788238525, 0.7944657624082305, 67.71675109863281], [5.976072788238525, 0.7944657624082305, 67.71675109863281]], "mae_mean": 5.976072788238525, "mae_std": 0.0, "r2_mean": 0.7944657624082305, "r2_std": 0.0, "rmse_mean": 67.71675109863281, "rmse_std": 0.0}}