{
    "log10_He_Bayesian": {
        "metrics": [
            [
                0.46625959873199463,
                0.7357930095555394,
                0.6534210443496704
            ],
            [
                0.4270797073841095,
                0.7474960776476272,
                0.6387854814529419
            ],
            [
                0.44427743554115295,
                0.7484196318956134,
                0.6376161575317383
            ],
            [
                0.4260767698287964,
                0.7544031175500491,
                0.6299881935119629
            ],
            [
                0.4241431951522827,
                0.7694093000616726,
                0.6104384064674377
            ]
        ],
        "mae_mean": 0.4375673413276672,
        "mae_std": 0.016065505898992742,
        "r2_mean": 0.7511042273421003,
        "r2_std": 0.010960087142988007,
        "rmse_mean": 0.6340498566627503,
        "rmse_std": 0.014031288211135116
    },
    "log10_H2_Bayesian": {
        "metrics": [
            [
                0.48438429832458496,
                0.7561718703608371,
                0.7044435739517212
            ],
            [
                0.48179686069488525,
                0.7424784627855618,
                0.7239542007446289
            ],
            [
                0.49228131771087646,
                0.737990254750118,
                0.7302356958389282
            ],
            [
                0.5144398808479309,
                0.7308587994054991,
                0.7401068210601807
            ],
            [
                0.4826492667198181,
                0.739474377570545,
                0.7281644940376282
            ]
        ],
        "mae_mean": 0.49111032485961914,
        "mae_std": 0.01224098819060233,
        "r2_mean": 0.7413947529745122,
        "r2_std": 0.008316518414147296,
        "rmse_mean": 0.7253809571266174,
        "rmse_std": 0.011735222897547025
    },
    "log10_O2_Bayesian": {
        "metrics": [
            [
                0.5887132287025452,
                0.7460597352920965,
                0.8806145787239075
            ],
            [
                0.5874375104904175,
                0.764998938770305,
                0.8471395969390869
            ],
            [
                0.6112937331199646,
                0.7178792117848294,
                0.928191602230072
            ],
            [
                0.5982546806335449,
                0.772540881697903,
                0.83343505859375
            ],
            [
                0.6129119992256165,
                0.7449413582125002,
                0.8825515508651733
            ]
        ],
        "mae_mean": 0.5997222304344177,
        "mae_std": 0.010790142175336068,
        "r2_mean": 0.7492840251515268,
        "r2_std": 0.018991350611804417,
        "rmse_mean": 0.874386477470398,
        "rmse_std": 0.032923731033612645
    },
    "log10_N2_Bayesian": {
        "metrics": [
            [
                0.6926742196083069,
                0.7297129744385844,
                1.0091888904571533
            ],
            [
                0.6867764592170715,
                0.7503027651321985,
                0.9699887633323669
            ],
            [
                0.6728578209877014,
                0.7525932423804906,
                0.9655295610427856
            ],
            [
                0.6538934111595154,
                0.775500230956337,
                0.9197457432746887
            ],
            [
                0.6900189518928528,
                0.7486943755188052,
                0.9731076955795288
            ]
        ],
        "mae_mean": 0.6792441725730896,
        "mae_std": 0.014398916387457822,
        "r2_mean": 0.7513607176852832,
        "r2_std": 0.014567694738125107,
        "rmse_mean": 0.9675121307373047,
        "rmse_std": 0.028495454758549962
    },
    "log10_CO2_Bayesian": {
        "metrics": [
            [
                0.6487674713134766,
                0.7131153367005624,
                0.9517624378204346
            ],
            [
                0.6620343327522278,
                0.7238180081636043,
                0.933840274810791
            ],
            [
                0.6063970923423767,
                0.7369970512477115,
                0.9112870693206787
            ],
            [
                0.6250177025794983,
                0.7483166833393463,
                0.8914605379104614
            ],
            [
                0.6551594734191895,
                0.7162074344731861,
                0.94661945104599
            ]
        ],
        "mae_mean": 0.6394752144813538,
        "mae_std": 0.020709599934599754,
        "r2_mean": 0.7276909027848821,
        "r2_std": 0.013201088641356483,
        "rmse_mean": 0.9269939541816712,
        "rmse_std": 0.022604600943309475
    },
    "log10_CH4_Bayesian": {
        "metrics": [
            [
                0.6981735825538635,
                0.7736416255753906,
                0.9996826648712158
            ],
            [
                0.7205806374549866,
                0.7679730178918017,
                1.012122631072998
            ],
            [
                0.7659305930137634,
                0.7300153874709223,
                1.0917754173278809
            ],
            [
                0.7528316974639893,
                0.7444088509339902,
                1.0622745752334595
            ],
            [
                0.7434658408164978,
                0.7554146841640303,
                1.039151906967163
            ]
        ],
        "mae_mean": 0.7361964702606201,
        "mae_std": 0.024096833036976007,
        "r2_mean": 0.7542907132072271,
        "r2_std": 0.01581056117450951,
        "rmse_mean": 1.0410014390945435,
        "rmse_std": 0.033392186547089385
    }
}