{
    "log10_He_Bayesian": {
        "metrics": [
            [
                0.5246398448944092,
                0.6941605127458625,
                0.7030201554298401
            ],
            [
                0.5794017910957336,
                0.6433029688946603,
                0.7592254281044006
            ],
            [
                0.5710445642471313,
                0.6598540626056267,
                0.7414017915725708
            ],
            [
                0.5446274876594543,
                0.6871333177507548,
                0.711050808429718
            ],
            [
                0.5502310991287231,
                0.6632645846945435,
                0.7376755475997925
            ]
        ],
        "mae_mean": 0.5539889574050904,
        "mae_std": 0.019492741524613267,
        "r2_mean": 0.6695430893382897,
        "r2_std": 0.0186401419056529,
        "rmse_mean": 0.7304747462272644,
        "rmse_std": 0.020634425042642898
    },
    "log10_H2_Bayesian": {
        "metrics": [
            [
                0.6373897194862366,
                0.6484249776643738,
                0.8458888530731201
            ],
            [
                0.6615918874740601,
                0.6491207608055818,
                0.8450513482093811
            ],
            [
                0.5708430409431458,
                0.6884468228337651,
                0.7962884306907654
            ],
            [
                0.6149764060974121,
                0.6684294956487618,
                0.821471095085144
            ],
            [
                0.6020449995994568,
                0.6709932554686109,
                0.818289041519165
            ]
        ],
        "mae_mean": 0.6173692107200622,
        "mae_std": 0.030860030282183985,
        "r2_mean": 0.6650830624842187,
        "r2_std": 0.01499520695724812,
        "rmse_mean": 0.8253977537155152,
        "rmse_std": 0.01854429321091418
    },
    "log10_O2_Bayesian": {
        "metrics": [
            [
                0.6968013048171997,
                0.7022731974535794,
                0.9535183310508728
            ],
            [
                0.7536959052085876,
                0.6528491432654762,
                1.0296251773834229
            ],
            [
                0.7277225852012634,
                0.6871360686890142,
                0.9774574041366577
            ],
            [
                0.7493523359298706,
                0.6575856225264267,
                1.0225772857666016
            ],
            [
                0.7624863386154175,
                0.672679621529324,
                0.9997850656509399
            ]
        ],
        "mae_mean": 0.7380116939544678,
        "mae_std": 0.023570213431949278,
        "r2_mean": 0.6745047306927641,
        "r2_std": 0.018380370819140866,
        "rmse_mean": 0.9965926527976989,
        "rmse_std": 0.028277536194405456
    },
    "log10_N2_Bayesian": {
        "metrics": [
            [
                0.7596638202667236,
                0.6978762990186644,
                1.0669701099395752
            ],
            [
                0.8491438627243042,
                0.6705942582916966,
                1.114103078842163
            ],
            [
                0.8036540150642395,
                0.6656054469315137,
                1.122507929801941
            ],
            [
                0.8722771406173706,
                0.6361745732089816,
                1.1708637475967407
            ],
            [
                0.8595780730247498,
                0.6449487288134967,
                1.1566590070724487
            ]
        ],
        "mae_mean": 0.8288633823394775,
        "mae_std": 0.04162579994623858,
        "r2_mean": 0.6630398612528706,
        "r2_std": 0.021569707069521354,
        "rmse_mean": 1.1262207746505737,
        "rmse_std": 0.036306324693393684
    },
    "log10_CO2_Bayesian": {
        "metrics": [
            [
                0.691556453704834,
                0.6645989617245704,
                1.0290988683700562
            ],
            [
                0.7559993863105774,
                0.6415235224960444,
                1.0639108419418335
            ],
            [
                0.7578866481781006,
                0.6278234354733885,
                1.0840502977371216
            ],
            [
                0.8166648745536804,
                0.606076378657271,
                1.1152722835540771
            ],
            [
                0.8113906383514404,
                0.6253673218944739,
                1.0876215696334839
            ]
        ],
        "mae_mean": 0.7666996002197266,
        "mae_std": 0.045458712472100954,
        "r2_mean": 0.6330779240491496,
        "r2_std": 0.019396135896573137,
        "rmse_mean": 1.0759907722473145,
        "rmse_std": 0.02859385911317887
    },
    "log10_CH4_Bayesian": {
        "metrics": [
            [
                0.8813539743423462,
                0.6566659551099205,
                1.2311820983886719
            ],
            [
                0.8293483853340149,
                0.691563324670396,
                1.1669354438781738
            ],
            [
                0.9113112092018127,
                0.6377090256283924,
                1.2647148370742798
            ],
            [
                0.917113721370697,
                0.6640504720009611,
                1.217869758605957
            ],
            [
                0.8664526343345642,
                0.6787845205180698,
                1.1908637285232544
            ]
        ],
        "mae_mean": 0.881115984916687,
        "mae_std": 0.03194540171997919,
        "r2_mean": 0.6657546595855479,
        "r2_std": 0.01848204998267359,
        "rmse_mean": 1.2143131732940673,
        "rmse_std": 0.03356207189494336
    }
}