{
    "permeability_O2": {
        "metrics": [
            [
                257.7099304199219,
                0.6724796796315197,
                386.63250732421875
            ],
            [
                170.08349609375,
                0.853462893052604,
                258.61456298828125
            ],
            [
                211.57565307617188,
                0.5386245221261775,
                458.88775634765625
            ],
            [
                206.91932678222656,
                0.8472351683190523,
                264.0528869628906
            ],
            [
                179.7378692626953,
                0.8272346209377046,
                280.8067626953125
            ]
        ],
        "mae_mean": 205.20525512695312,
        "mae_std": 30.60191706294326,
        "r2_mean": 0.7478073768134117,
        "r2_std": 0.12392690555522376,
        "rmse_mean": 329.79889526367185,
        "rmse_std": 79.60398148131068
    },
    "selectivity_O2_N2": {
        "metrics": [
            [
                0.5650593638420105,
                0.3802930328063957,
                0.7482871413230896
            ],
            [
                0.5696554183959961,
                0.30358934356889233,
                0.7932458519935608
            ],
            [
                0.547396183013916,
                0.15767643046082336,
                0.8723978996276855
            ],
            [
                0.6208323836326599,
                0.2826057693218391,
                0.805107831954956
            ],
            [
                0.5678551197052002,
                0.2956179153662859,
                0.7977728843688965
            ]
        ],
        "mae_mean": 0.5741596937179565,
        "mae_std": 0.024647424378984213,
        "r2_mean": 0.2839564983048473,
        "r2_std": 0.07176439945305417,
        "rmse_mean": 0.8033623218536377,
        "rmse_std": 0.039839222101864774
    }
}