{
    "permeability_CO2": {
        "metrics": [
            [
                1629.0570068359375,
                0.12937318703136802,
                2826.7783203125
            ],
            [
                1225.8922119140625,
                0.6830548985170918,
                1705.563232421875
            ],
            [
                1431.5233154296875,
                0.6383254634117541,
                1821.94287109375
            ],
            [
                1323.68896484375,
                0.6561027761620819,
                1776.601806640625
            ],
            [
                1225.996337890625,
                0.712882014628514,
                1623.3267822265625
            ]
        ],
        "mae_mean": 1367.2315673828125,
        "mae_std": 151.33152434417107,
        "r2_mean": 0.5639476679501619,
        "r2_std": 0.2187453185267962,
        "rmse_mean": 1950.8426025390625,
        "rmse_std": 443.0952401805544
    },
    "selectivity_CO2_CH4": {
        "metrics": [
            [
                5.041012287139893,
                0.836453471495624,
                7.340516567230225
            ],
            [
                4.87368631362915,
                0.8565112893763602,
                6.875666618347168
            ],
            [
                6.128111839294434,
                0.7936202274070954,
                8.245927810668945
            ],
            [
                6.391180515289307,
                0.7542038399070217,
                8.998984336853027
            ],
            [
                5.764316082000732,
                0.8058542850208861,
                7.9977874755859375
            ]
        ],
        "mae_mean": 5.639661407470703,
        "mae_std": 0.5939700657955542,
        "r2_mean": 0.8093286226413975,
        "r2_std": 0.035382277597231296,
        "rmse_mean": 7.8917765617370605,
        "rmse_std": 0.7347023175207528
    }
}