{
    "permeability_CO2": {
        "metrics": [
            [
                1597.9508056640625,
                0.08081892104477173,
                2904.532958984375
            ],
            [
                1593.4757080078125,
                0.12477827366987859,
                2834.228271484375
            ],
            [
                1588.610595703125,
                0.10235715245727806,
                2870.3017578125
            ],
            [
                1570.010009765625,
                0.13661692216455623,
                2814.994384765625
            ],
            [
                1617.9056396484375,
                0.06098409358971146,
                2935.703857421875
            ]
        ],
        "mae_mean": 1593.5905517578126,
        "mae_std": 15.434315179460587,
        "r2_mean": 0.10111107258523921,
        "r2_std": 0.027728326072903008,
        "rmse_mean": 2871.95224609375,
        "rmse_std": 44.262379372019495
    },
    "selectivity_CO2_CH4": {
        "metrics": [
            [
                7.0555877685546875,
                0.5198220676597174,
                12.57786750793457
            ],
            [
                6.766787052154541,
                0.5233720932055976,
                12.531288146972656
            ],
            [
                6.6238203048706055,
                0.605350439052025,
                11.402807235717773
            ],
            [
                7.095238208770752,
                0.47762175130238105,
                13.118932723999023
            ],
            [
                7.187528133392334,
                0.47729764124769636,
                13.123001098632812
            ]
        ],
        "mae_mean": 6.945792293548584,
        "mae_std": 0.21379157238448965,
        "r2_mean": 0.5206927984934835,
        "r2_std": 0.046718535242028326,
        "rmse_mean": 12.550779342651367,
        "rmse_std": 0.6275650781329717
    }
}