{
    "permeability_H2": {
        "metrics": [
            [
                457.02545166015625,
                0.911259757124963,
                594.5771484375
            ],
            [
                514.4998779296875,
                0.8268714718983234,
                830.4857788085938
            ],
            [
                591.2293090820312,
                0.8605457525940562,
                745.3560180664062
            ],
            [
                450.4547119140625,
                0.922760331436998,
                554.7127075195312
            ],
            [
                386.956787109375,
                0.9459128924229987,
                464.1889343261719
            ]
        ],
        "mae_mean": 480.0332275390625,
        "mae_std": 68.73134458192077,
        "r2_mean": 0.8934700410954679,
        "r2_std": 0.04346038645132768,
        "rmse_mean": 637.8641174316406,
        "rmse_std": 132.36963474715895
    },
    "selectivity_H2_N2": {
        "metrics": [
            [
                8.772089958190918,
                0.7335497430365414,
                13.143683433532715
            ],
            [
                7.116957187652588,
                0.8278769019264117,
                10.564004898071289
            ],
            [
                8.980220794677734,
                0.5958943120199272,
                16.18663215637207
            ],
            [
                7.859127521514893,
                0.8037807738468773,
                11.2792387008667
            ],
            [
                6.305080413818359,
                0.8547134672265159,
                9.705584526062012
            ]
        ],
        "mae_mean": 7.806695175170899,
        "mae_std": 1.0042394137457424,
        "r2_mean": 0.7631630396112548,
        "r2_std": 0.09281695930244818,
        "rmse_mean": 12.175828742980958,
        "rmse_std": 2.30335594404131
    }
}